UNIQID,API,GIS_API5,GIS_WELL_NUMBER,SYMNUM,GIS_SYMBOL_DESCRIPTION,RELIAB,GIS_LOCATION_SOURCE,GIS_LAT27,GIS_LONG27,GIS_LAT83,GIS_LONG83,OBJECTID
1438407,32943003,43003,0328SH,4,Oil Well,40,Operator reported location - Distances and Plat,3220948.6269685,2377421.15157481,31.75993409,-102.00767228,3618
1438408,32943004,43004,0316AH,4,Oil Well,40,Operator reported location - Distances and Plat,3220467.12368767,2375885.30807087,31.75853109,-102.01259478,3620
1448087,32943055,43055,0318AH,4,Oil Well,40,Operator reported location - Distances and Plat,3220943.28772967,2377347.62729658,31.75991571,-102.00790897,5057
1448093,32943068,43068,0346SH,4,Oil Well,40,Operator reported location - Distances and Plat,3220481.16141732,2375852.36679789,31.7585681,-102.01270178,5065
1596497,32944419,44419,1,2,Permitted Location,55,Coordinates - Operator reported,31.84231267,-102.17456867,31.84244026,-102.17498507,6164
743958,32941246,41246,0104WA,4,Oil Well,40,Operator reported location - Distances and Plat,3253832.81528871,2378502.91108924,31.8505732,-102.00611899,6728
1406403,32942716,42716,0401BH,4,Oil Well,40,Operator reported location - Distances and Plat,3218608.33333333,2367611.15354331,31.75301282,-102.03916666,6858
1406406,32942718,42718,0412AH,4,Oil Well,40,Operator reported location - Distances and Plat,3218704.8933727,2367985.32841207,31.75329776,-102.03796635,7907
1335073,32941766,41766,805WB,4,Oil Well,40,Operator reported location - Distances and Plat,3317944.17290026,2340008.58070867,32.02514832,-102.13431224,9206
1359183,32942127,42127,10HF,4,Oil Well,40,Operator reported location - Distances and Plat,3229842.16699475,2347068.74146982,31.78273832,-102.10563344,9217
1386318,32942477,42477,3114AH,4,Oil Well,40,Operator reported location - Distances and Plat,3245091.37368767,2418740.50787401,31.82844284,-101.87580854,9503
743892,32938270,38270,4307M,7,Plugged Oil Well,50,U.S.G.S 7.5-min. quadrangle or aerial photograph,3257995.75492126,2348596.30249344,31.86050833,-102.10286856,9567
1359180,32942124,42124,7HF,4,Oil Well,40,Operator reported location - Distances and Plat,3229723.27132545,2346620.06922573,31.78238733,-102.10707271,10248
744962,32933755,33755,715A,4,Oil Well,40,Operator reported location - Distances and Plat,3244615.68700787,2413916.63287401,31.82690651,-101.89134351,10425
1782276,32946725,46725,183R,2,Permitted Location,55,Coordinates - Operator reported,32.00888028,-101.97740306,32.0090044,-101.97781514,10907
663372,32941318,41318,9UL,9,Canceled / Abandoned Location,55,Coordinates - Operator reported,3319493.14895013,2313738.27854331,32.02784361,-102.21889055,10938
663003,32938630,38630,913,4,Oil Well,55,Coordinates - Operator reported,3326248.51673229,2309785.47604987,32.04637385,-102.23254781,11257
1407377,32942732,42732,14,4,Oil Well,55,Coordinates - Operator reported,3226759.53510499,2359056.50032808,31.77487091,-102.06679758,13602
662988,32938629,38629,912,4,Oil Well,55,Coordinates - Operator reported,3326937.4160105,2310838.1043307,32.04832936,-102.22918939,15706
1512715,32943694,43694,208LH,2,Permitted Location,55,Coordinates - Operator reported,31.98446667,-102.17739722,31.98458954,-102.17781464,15882
1512714,32943693,43693,207AH,2,Permitted Location,55,Coordinates - Operator reported,31.98476944,-102.17613611,31.98489232,-102.17655349,15946
708918,32936407,36407,2815,7,Plugged Oil Well,50,U.S.G.S 7.5-min. quadrangle or aerial photograph,3308630.207021,2312583.66469817,31.99801211,-102.22235639,18741
1313350,32941379,41379,8LS,4,Oil Well,40,Operator reported location - Distances and Plat,3230356.55118111,2370506.96292651,31.78551564,-102.03052792,19996
1453837,32943124,43124,115H,4,Oil Well,40,Operator reported location - Distances and Plat,3297919.68011811,2379983.98753281,31.97204385,-102.0039058,20182
1397125,32942633,42633,14H,4,Oil Well,40,Operator reported location - Distances and Plat,3289840.71194226,2348037.58136483,31.94802976,-102.10619304,20973
743001,32931351,31351,1812,7,Plugged Oil Well,50,U.S.G.S 7.5-min. quadrangle or aerial photograph,3244905.55282152,2339303.94094488,31.82396776,-102.13203938,21558
742900,32931432,31432,1825,7,Plugged Oil Well,20,Mainframe WELLBORE distances,3250055.03838582,2338100.38221785,31.83808562,-102.13624235,21561
1724263,32945633,45633,2943SH,4,Oil Well,40,Operator reported location - Distances and Plat,3312068.31299213,2306798.87992126,32.00715854,-102.24127495,25636
1485761,32943386,43386,3H,4,Oil Well,40,Operator reported location - Distances and Plat,3273364.4835958,2368600.85925196,31.90384664,-102.03921887,28132
1485762,32943387,43387,4H,4,Oil Well,40,Operator reported location - Distances and Plat,3273439.44356956,2368910.01902887,31.90406878,-102.03822525,28133
1485763,32943388,43388,5H,4,Oil Well,40,Operator reported location - Distances and Plat,3273565.64370079,2369386.91896325,31.90444053,-102.03669314,28134
1453835,32943122,43122,113H,4,Oil Well,40,Operator reported location - Distances and Plat,3297531.14107612,2378360.30413386,31.9708927,-102.00912867,28136
1484283,32943349,43349,307LH,4,Oil Well,40,Operator reported location - Distances and Plat,3250299.61712599,2321609.63976377,31.83785228,-102.18944607,28221
1499541,32943555,43555,4409H,4,Oil Well,40,Operator reported location - Distances and Plat,3323156.62237533,2393408.91437007,32.04220703,-101.96197993,29683
1451847,32943115,43115,0064WB,4,Oil Well,40,Operator reported location - Distances and Plat,3220855.44324148,2401216.66305774,31.76084509,-101.93096166,32031
1451848,32943116,43116,0065WA,4,Oil Well,40,Operator reported location - Distances and Plat,3221468.4097769,2401321.64927821,31.76253836,-101.93065772,32032
1451849,32943117,43117,0066WB,4,Oil Well,40,Operator reported location - Distances and Plat,3221559.18963255,2401923.73917323,31.76281733,-101.92872192,32033
1451850,32943118,43118,0067WA,4,Oil Well,40,Operator reported location - Distances and Plat,3221683.90944882,2402143.08136483,31.76317137,-101.92802185,32034
1679062,32945222,45222,3037SH,4,Oil Well,40,Operator reported location - Distances and Plat,3311455.69881889,2304156.51607612,32.00530352,-102.24976296,32099
1451846,32943114,43114,0063WA,4,Oil Well,40,Operator reported location - Distances and Plat,3221274.51082677,2400488.37401575,31.76196421,-101.93333295,32565
1392005,32942566,42566,0417AH,4,Oil Well,40,Operator reported location - Distances and Plat,3248717.53018373,2314908.12795275,31.83312812,-102.21096322,36060
1392003,32942564,42564,0416AH,4,Oil Well,40,Operator reported location - Distances and Plat,3248746.457021,2313899.15518373,31.83317111,-102.21423169,42282
1491273,32943463,43463,135,4,Oil Well,40,Operator reported location - Distances and Plat,3222008.52821523,2381058.98195538,31.76303459,-101.99600746,42407
1344401,32941913,41913,4215H,4,Oil Well,40,Operator reported location - Distances and Plat,3318941.5183727,2363675.87992126,32.02912988,-102.05786722,42757
1344402,32941914,41914,2815H,4,Oil Well,40,Operator reported location - Distances and Plat,3319003.71850394,2363638.77985564,32.02929927,-102.05799089,42758
1480726,32943305,43305,2206MH,4,Oil Well,40,Operator reported location - Distances and Plat,3252361.36351706,2329619.6187664,31.84396441,-102.16373565,45943
1444176,32943022,43022,0303BH,2,Permitted Location,55,Coordinates - Operator reported,3220165.96883202,2374105.38877952,31.75763081,-102.01832583,47634
1445763,32943025,43025,0342SH,2,Permitted Location,55,Coordinates - Operator reported,3220061.38353018,2373679.92585301,31.75732138,-102.01969111,47635
1363653,32942230,42230,1015H,4,Oil Well,40,Operator reported location - Distances and Plat,3322922.20538057,2347381.85793963,32.03924653,-102.11078526,47677
1364628,32942266,42266,0133WB,4,Oil Well,40,Operator reported location - Distances and Plat,3245111.64402887,2386539.73293963,31.82695315,-101.9796839,47752
1444175,32943021,43021,0323SH,2,Permitted Location,55,Coordinates - Operator reported,3220194.78674541,2374225.65223098,31.75771622,-102.01793987,47754
742776,32900906,00906,2,7,Plugged Oil Well,15,Commission`s hardcopy map,3257922.91010499,2327138.96555118,31.85916582,-102.17210288,49210
1445765,32943028,43028,0311AH,2,Permitted Location,55,Coordinates - Operator reported,3219888.91437008,2372978.23818898,31.75681107,-102.02194275,49446
663859,32931370,31370,2,7,Plugged Oil Well,15,Commission`s hardcopy map,3324761.25492126,2359497.53182414,32.04494171,-102.0717267,49622
742752,32933630,33630,2,7,Plugged Oil Well,55,Coordinates - Operator reported,3259200.82972442,2330331.09940945,31.8628574,-102.16188316,49784
743093,32931321,31321,2316W,7,Plugged Oil Well,15,Commission`s hardcopy map,3239988.58103675,2336418.76541995,31.81027277,-102.14103879,49849
744875,32932960,32960,211A,7,Plugged Oil Well,50,U.S.G.S 7.5-min. quadrangle or aerial photograph,3247732.9386483,2410474.64665355,31.83532926,-101.90261968,49853
745471,32933491,33491,3,7,Plugged Oil Well,55,Coordinates - Operator reported,3221349.43011811,2392462.0777559,31.76179921,-101.95922203,50058
708973,32937434,37434,3314,7,Plugged Oil Well,55,Coordinates - Operator reported,3306198.51049869,2312974.86942257,31.99133732,-102.22093444,50114
711258,32937337,37337,2,7,Plugged Oil Well,55,Coordinates - Operator reported,3278620.97900262,2381764.08267717,31.91900311,-101.99704052,50211
710487,32931956,31956,1,7,Plugged Oil Well,15,Commission`s hardcopy map,3276721.36515748,2364251.03543307,31.91288854,-102.05347427,50315
711088,32931261,31261,3,7,Plugged Oil Well,15,Commission`s hardcopy map,3288823.67749344,2417728.47867455,31.94883783,-101.88147272,50520
709794,32933656,33656,39H,8,Plugged Gas Well,55,Coordinates - Operator reported,3266458.36089239,2335939.51738845,31.88314509,-102.14423925,59776
1313669,32941389,41389,7LB,4,Oil Well,40,Operator reported location - Distances and Plat,3230480.00098425,2370779.01607612,31.78586938,-102.02965803,61916
1313939,32941398,41398,7UA,4,Oil Well,40,Operator reported location - Distances and Plat,3230479.55118111,2371139.98622048,31.78588638,-102.02849411,61920
1424643,32942925,42925,231,4,Oil Well,40,Operator reported location - Distances and Plat,3318235.54560368,2373762.25360893,32.02769837,-102.02521949,62191
1518739,32943740,43740,3608H,2,Permitted Location,55,Coordinates - Operator reported,31.86735742,-101.99995918,31.86748527,-102.00037115,62324
744394,32934454,34454,3,7,Plugged Oil Well,50,U.S.G.S 7.5-min. quadrangle or aerial photograph,3227673.93996063,2374055.76377952,31.7783063,-102.0189275,62471
710942,32937938,37938,3,4,Oil Well,55,Coordinates - Operator reported,3296989.05675852,2388054.02099738,31.96989958,-101.9777912,62502
1312592,32941370,41370,2HD,4,Oil Well,40,Operator reported location - Distances and Plat,3286019.78379265,2420016.42257218,31.9412228,-101.87392924,62503
1499549,32943563,43563,4214H,4,Oil Well,40,Operator reported location - Distances and Plat,3323562.23654856,2394943.31725721,32.04339893,-101.95704218,62860
711117,32931366,31366,4,7,Plugged Oil Well,15,Commission`s hardcopy map,3286739.28641732,2414281.41732283,31.9427854,-101.89206219,66669
710521,32931968,31968,1D,7,Plugged Oil Well,15,Commission`s hardcopy map,3274813.96030183,2371669.68044619,31.90801263,-102.02940879,67417
746074,32933087,33087,504A,7,Plugged Oil Well,40,Operator reported location - Distances and Plat,3243291.07841207,2419799.25295275,31.82353396,-101.87229485,68561
745851,32934203,34203,167A,7,Plugged Oil Well,55,Coordinates - Operator reported,3252505.05413386,2424176.29790026,31.84911384,-101.85867512,72980
709025,32936282,36282,3106,7,Plugged Oil Well,55,Coordinates - Operator reported,3303822.46456693,2303924.78969817,31.98429047,-102.25002134,77213
665584,32935226,35226,3,4,Oil Well,55,Coordinates - Operator reported,3318052.85793963,2420540.8402231,32.02946575,-101.8739882,80628
709112,32936232,36232,3116,7,Plugged Oil Well,55,Coordinates - Operator reported,3301727.26968505,2305815.87073492,31.97862647,-102.24377391,80705
745876,32933230,33230,147A,7,Plugged Oil Well,40,Operator reported location - Distances and Plat,3251530.70538057,2425812.60367455,31.84650596,-101.85334275,81164
664551,32901406,01406,1,10,Plugged Oil / Gas,50,U.S.G.S 7.5-min. quadrangle or aerial photograph,3326916.61975065,2405235.95045932,32.05315218,-101.92396328,81888
1364981,32942279,42279,3903WB,4,Oil Well,40,Operator reported location - Distances and Plat,3307435.85367455,2320718.91929133,31.99517052,-102.1959906,82298
709052,32936278,36278,3104,7,Plugged Oil Well,50,U.S.G.S 7.5-min. quadrangle or aerial photograph,3302915.4425853,2305491.22867455,31.98188034,-102.24490068,84042
663302,32900951,00951,1,7,Plugged Oil Well,15,Commission`s hardcopy map,3312302.05019686,2315741.06856956,32.00829795,-102.21239056,84638
710383,32931933,31933,1,7,Plugged Oil Well,15,Commission`s hardcopy map,3284646.33070867,2378552.82447507,31.93543676,-102.0077625,85457
744958,32933791,33791,904A,7,Plugged Oil Well,40,Operator reported location - Distances and Plat,3244798.35006562,2409606.50295275,31.82705273,-101.90482819,87079
710102,32935316,35316,4,7,Plugged Oil Well,40,Operator reported location - Distances and Plat,3303321.10104987,2369043.06528871,31.98638689,-102.03958585,88653
745054,32935379,35379,32,7,Plugged Oil Well,55,Coordinates - Operator reported,3240349.32283464,2392953.63090551,31.81415166,-101.958722,88660
1698059,32945412,45412,0253WA,4,Oil Well,40,Operator reported location - Distances and Plat,3254409.48261155,2357558.58431758,31.85109763,-102.07373146,89222
1363932,32942246,42246,0126WA,4,Oil Well,40,Operator reported location - Distances and Plat,3244767.48556431,2385300.92421261,31.82594418,-101.98366011,92073
1401937,32942666,42666,2405BH,4,Oil Well,40,Operator reported location - Distances and Plat,3231860.01345144,2344157.58267717,31.78829631,-102.11557867,92076
1411222,32942753,42753,21LB,4,Oil Well,40,Operator reported location - Distances and Plat,3287631.75393701,2393023.48293963,31.94435533,-101.96118916,92284
1411223,32942754,42754,21JM,4,Oil Well,40,Operator reported location - Distances and Plat,3287634.06856956,2393036.50524935,31.94436234,-101.96114723,92353
1484916,32943354,43354,306BH,4,Oil Well,40,Operator reported location - Distances and Plat,3250533.92979002,2322219.40780839,31.8385308,-102.18749389,92357
1367232,32942341,42341,26LL,4,Oil Well,40,Operator reported location - Distances and Plat,3276357.33923885,2305179.5757874,31.90872582,-102.24416672,92420
1341507,32941884,41884,117H,4,Oil Well,40,Operator reported location - Distances and Plat,3297694.64632545,2378944.46817586,31.97139085,-102.00726236,92425
1363654,32942231,42231,1016H,4,Oil Well,40,Operator reported location - Distances and Plat,3322632.6456693,2347537.74835958,32.03845732,-102.11026341,92434
1406745,32942726,42726,0404BH,4,Oil Well,40,Operator reported location - Distances and Plat,3218952.09153543,2369342.6496063,31.75404737,-102.03360603,93136
710902,32931129,31129,1,7,Plugged Oil Well,15,Commission`s hardcopy map,3299446.76935695,2405235.1187664,31.97735318,-101.92199194,93262
1329057,32941655,41655,0022WA,4,Oil Well,40,Operator reported location - Distances and Plat,3233446.34645669,2383058.02362205,31.79465354,-101.99023806,95393
710696,32940917,40917,3704H,4,Oil Well,40,Operator reported location - Distances and Plat,3264215.53543307,2374639.1023622,31.87897408,-102.01919733,95443
1408359,32942741,42741,1D,11,Injection / Disposal,55,Coordinates - Operator reported,3265119.17355643,2402888.74770342,31.88269932,-101.92764006,95535
1717826,32945587,45587,123,19,Shut-In Oil,40,Operator reported location - Distances and Plat,3311929.96784776,2370066.30872704,32.0101278,-102.03678052,95573
709856,32938725,38725,3311W,21,Injection / Disposal from Oil,55,Coordinates - Operator reported,3264139.18110237,2324873.26902887,31.8761434,-102.17979739,95631
1763685,32946144,46144,126,4,Oil Well,40,Operator reported location - Distances and Plat,3287057.61679789,2423071.77821523,31.94420599,-101.86410637,95821
1763715,32946146,46146,137,4,Oil Well,40,Operator reported location - Distances and Plat,3286967.79757218,2422684.77755906,31.94394065,-101.86535143,95826
710961,32931671,31671,1H,4,Oil Well,50,U.S.G.S 7.5-min. quadrangle or aerial photograph,3295251.03608924,2409965.38615486,31.9661727,-101.90690526,95993
710707,32940919,40919,3706H,4,Oil Well,40,Operator reported location - Distances and Plat,3263548.56528871,2373124.21227033,31.87706098,-102.02404729,96069
709379,32939830,39830,315,7,Plugged Oil Well,55,Coordinates - Operator reported,3291082.44914699,2326662.92257218,31.95045912,-102.17574357,96149
743016,32936756,36756,7,7,Plugged Oil Well,50,U.S.G.S 7.5-min. quadrangle or aerial photograph,3244063.29954068,2331014.29691601,31.82120539,-102.15872526,96150
1485487,32943384,43384,1H,4,Oil Well,40,Operator reported location - Distances and Plat,3273161.42355643,2367786.69914699,31.90324605,-102.04183518,96180
1485488,32943385,43385,2H,4,Oil Well,40,Operator reported location - Distances and Plat,3273293.62335958,2368069.19914699,31.90362448,-102.04093105,96181
1763561,32946136,46136,211,4,Oil Well,40,Operator reported location - Distances and Plat,3287249.67093176,2423790.14927821,31.94476826,-101.86179658,96753
1395542,32942607,42607,0024LS,4,Oil Well,40,Operator reported location - Distances and Plat,3264820.53937008,2335226.90452756,31.87857752,-102.14642513,96910
1484915,32943353,43353,306LH,4,Oil Well,40,Operator reported location - Distances and Plat,3250501.57053806,2322244.93503937,31.83844308,-102.18740947,98372
745575,32933262,33262,6909A,7,Plugged Oil Well,50,U.S.G.S 7.5-min. quadrangle or aerial photograph,3216997.80905512,2412756.67158793,31.75078743,-101.89356029,98790
709099,32938988,38988,3802,7,Plugged Oil Well,55,Coordinates - Operator reported,3301962.45177165,2327903.46653543,31.9804687,-102.17241547,98857
709106,32937748,37748,3804,7,Plugged Oil Well,55,Coordinates - Operator reported,3301902.05380577,2329208.44685039,31.98037291,-102.16819535,98860
709407,32936856,36856,303,7,Plugged Oil Well,55,Coordinates - Operator reported,3289395.3956693,2322617.61253281,31.94557387,-102.18869013,98861
742861,32900839,00839,1803,7,Plugged Oil Well,40,Operator reported location - Distances and Plat,3252219.98031496,2339382.4527559,31.84409722,-102.13222933,98867
743013,32931357,31357,1919,7,Plugged Oil Well,50,U.S.G.S 7.5-min. quadrangle or aerial photograph,3244195.31627296,2336646.5019685,31.82185168,-102.1405552,98919
743986,32937882,37882,5,7,Plugged Oil Well,55,Coordinates - Operator reported,3252455.28937008,2341738.31791338,31.84487012,-102.12464323,98920
1414185,32942807,42807,0405BH,4,Oil Well,40,Operator reported location - Distances and Plat,3219150.16371392,2370162.84120736,31.75463439,-102.03097406,98934
1489350,32943434,43434,242,4,Oil Well,40,Operator reported location - Distances and Plat,3243571.79166667,2358483.86942257,31.82129784,-102.07009157,98939
1358187,32942092,42092,1WA,4,Oil Well,40,Operator reported location - Distances and Plat,3309150.37664042,2331667.78083989,32.00048579,-102.1607183,98973
663965,32940920,40920,2WD,11,Injection / Disposal,55,Coordinates - Operator reported,3310425.86515749,2378426.52296588,32.00642569,-102.00968295,99147
1496642,32943521,43521,107H,4,Oil Well,40,Operator reported location - Distances and Plat,3297459.64238845,2378071.85301837,31.97068136,-102.01005637,101103
1499542,32943556,43556,2809H,4,Oil Well,40,Operator reported location - Distances and Plat,3323180.10925196,2393409.03149606,32.04227171,-101.96198089,103326
1341537,32941883,41883,116H,4,Oil Well,40,Operator reported location - Distances and Plat,3297480.84645669,2378116.45800525,31.97076065,-102.00992487,105410
1359223,32942116,42116,H115WA,4,Oil Well,40,Operator reported location - Distances and Plat,3318898.7992126,2366012.58792651,32.02913173,-102.05031088,105411
1384022,32942493,42493,9H,4,Oil Well,40,Operator reported location - Distances and Plat,3221736.25787401,2401732.08727033,31.76331336,-101.92936117,106262
1499543,32943557,43557,4209H,4,Oil Well,40,Operator reported location - Distances and Plat,3323158.72900262,2393425.91502625,32.04221366,-101.96192508,106472
1364630,32942269,42269,0135WB,4,Oil Well,40,Operator reported location - Distances and Plat,3245356.59186351,2387420.57677165,31.82767114,-101.97685661,106540
1367137,32942339,42339,4405WA,4,Oil Well,40,Operator reported location - Distances and Plat,3302029.18733595,2310415.67322835,31.979714,-102.2289324,106542
1380487,32942459,42459,H225WA,4,Oil Well,40,Operator reported location - Distances and Plat,3318799.61318898,2365356.38746719,32.02882508,-102.0524262,106544
1479056,32943286,43286,2217LH,4,Oil Well,40,Operator reported location - Distances and Plat,3252794.34055118,2329872.69947506,31.84517045,-102.16294647,110536
1481010,32943307,43307,2206BH,4,Oil Well,40,Operator reported location - Distances and Plat,3252351.53576115,2329642.03543307,31.84393855,-102.16366271,110585
1363844,32942234,42234,1019H,2,Permitted Location,55,Coordinates - Operator reported,32.03890938,-102.10764943,32.03903111,-102.10806583,111022
1485769,32943394,43394,105H,4,Oil Well,40,Operator reported location - Distances and Plat,3273572.43700787,2369413.34875327,31.90446058,-102.03660821,111031
1312642,32941369,41369,8LA,4,Oil Well,40,Operator reported location - Distances and Plat,3230401.47112861,2370763.07316273,31.7856523,-102.02970479,111086
1312641,32941368,41368,8UA,4,Oil Well,40,Operator reported location - Distances and Plat,3230366.76148294,2370417.91437007,31.78553926,-102.03081564,111087
1435574,32942971,42971,1204BH,2,Permitted Location,55,Coordinates - Operator reported,31.75163757,-101.97730517,31.75176905,-101.97771595,111147
1602284,32944449,44449,1,2,Permitted Location,55,Coordinates - Operator reported,31.84253333,-102.17376111,31.84266092,-102.17417749,111293
1396488,32942622,42622,308LH,4,Oil Well,40,Operator reported location - Distances and Plat,3250203.00098425,2320890.36581364,31.83754697,-102.19176029,111815
1331208,32941704,41704,3001H,4,Oil Well,40,Operator reported location - Distances and Plat,3236598.0410105,2374110.88976377,31.80288708,-102.01927499,111977
1331219,32941702,41702,4001H,4,Oil Well,40,Operator reported location - Distances and Plat,3236667.85072179,2374154.22014436,31.80308152,-102.01913937,112042
711038,32938142,38142,3,7,Plugged Oil Well,40,Operator reported location - Distances and Plat,3291961.71751969,2393789.85269029,31.95633556,-101.95897294,114070
744706,32931501,31501,16,7,Plugged Oil Well,55,Coordinates - Operator reported,3253567.28182414,2404001.90846457,31.85107174,-101.92381726,114168
744781,32937263,37263,93,7,Plugged Oil Well,55,Coordinates - Operator reported,3250281.7972441,2409788.87467192,31.84229922,-101.9049622,114170
742999,32931430,31430,1927W,7,Plugged Oil Well,15,Commission`s hardcopy map,3245150.39501312,2335008.56200787,31.82441331,-102.14590981,114196
744754,32932990,32990,208A,7,Plugged Oil Well,40,Operator reported location - Distances and Plat,3251521.13812336,2414787.00590551,31.84596597,-101.88891622,114197
745101,32932889,32889,2202A,7,Plugged Oil Well,15,Commission`s hardcopy map,3238102.89074804,2415551.7152231,31.80904619,-101.88571088,114419
745562,32934273,34273,5014A,7,Plugged Oil Well,55,Coordinates - Operator reported,3217538.2972441,2404244.67880577,31.75187182,-101.92102647,114424
746037,32933472,33472,158A,7,Plugged Oil Well,55,Coordinates - Operator reported,3244871.82053806,2423485.73031496,31.82805887,-101.86048907,114488
744950,32932952,32952,709A,7,Plugged Oil Well,40,Operator reported location - Distances and Plat,3245124.26935695,2410880.58366142,31.82816387,-101.90116544,115339
1753720,32945891,45891,173,4,Oil Well,40,Operator reported location - Distances and Plat,3218731.74639107,2368032.93175852,31.75335568,-102.03780309,117043
1753726,32945893,45893,275,4,Oil Well,40,Operator reported location - Distances and Plat,3218783.86089239,2368233.33497375,31.75350937,-102.03716024,117377
709176,32936001,36001,4106,4,Oil Well,55,Coordinates - Operator reported,3299657.95472442,2310217.94849081,31.97315314,-102.22940534,125872
745355,32933349,33349,5110A,7,Plugged Oil Well,50,U.S.G.S 7.5-min. quadrangle or aerial photograph,3226970.31889764,2414495.13188976,31.77833554,-101.88850561,127088
1591384,32944381,44381,131,2,Permitted Location,55,Coordinates - Operator reported,31.78745468,-102.01965442,31.7875847,-102.02006655,127342
1322727,32941532,41532,11HA,9,Canceled / Abandoned Location,55,Coordinates - Operator reported,3225849.84711286,2386022.582021,31.77372392,-101.97980877,129439
1322786,32941534,41534,13HA,9,Canceled / Abandoned Location,55,Coordinates - Operator reported,3226057.84153543,2386871.78871392,31.77433861,-101.97708302,129441
1406407,32942719,42719,0402BH,4,Oil Well,40,Operator reported location - Distances and Plat,3218834.76902887,2368432.3277559,31.75367812,-102.03653327,129544
1346262,32941964,41964,703WA,4,Oil Well,40,Operator reported location - Distances and Plat,3324146.0062336,2332141.36253281,32.0418064,-102.16013422,130548
1679393,32945206,45206,2823SH,4,Oil Well,40,Operator reported location - Distances and Plat,3313476.94783464,2312114.97900262,32.01133312,-102.22418587,132353
1536665,32943917,43917,5HL,4,Oil Well,40,Operator reported location - Distances and Plat,3231939.29232283,2377350.56102362,31.79020032,-102.00854312,132597
708410,32940307,40307,4219H,4,Oil Well,40,Operator reported location - Distances and Plat,3300118.24737532,2303109.46850394,31.97404405,-102.25241194,132845
1451586,32943113,43113,0062JM,4,Oil Well,40,Operator reported location - Distances and Plat,3219970.59514436,2400712.1496063,31.75840137,-101.93254963,133031
1679056,32945219,45219,3038SH,4,Oil Well,40,Operator reported location - Distances and Plat,3311620.25459318,2305119.7706693,32.00583088,-102.24667207,133372
1491553,32943466,43466,1,11,Injection / Disposal,55,Coordinates - Operator reported,3234752.93766405,2386978.83169292,31.79844573,-101.97767005,133417
1363936,32942248,42248,2MS,4,Oil Well,40,Operator reported location - Distances and Plat,3309061.0633202,2331143.85597113,32.00019196,-102.1623944,135076
1763765,32946152,46152,135,4,Oil Well,40,Operator reported location - Distances and Plat,3286863.30183727,2422300.39698163,31.94365222,-101.86659856,137545
710571,32932170,32170,1,7,Plugged Oil Well,55,Coordinates - Operator reported,3272458.94849081,2351861.64796588,31.90049151,-102.09320343,137926
711015,32935846,35846,1,7,Plugged Oil Well,55,Coordinates - Operator reported,3292900.68011811,2394616.27821523,31.95894356,-101.95634571,137929
1698061,32945414,45414,0255WB,4,Oil Well,40,Operator reported location - Distances and Plat,3254412.67454068,2358078.05085301,31.85111454,-102.0720441,139988
1698062,32945415,45415,0256WD,4,Oil Well,40,Operator reported location - Distances and Plat,3254413.58497375,2358081.29625984,31.85111722,-102.07203368,139990
664833,32933238,33238,2,4,Oil Well,40,Operator reported location - Distances and Plat,3309832.95242782,2397179.80905512,32.00571699,-101.94903979,141228
1763766,32946153,46153,136,4,Oil Well,40,Operator reported location - Distances and Plat,3286871.18897638,2422302.79790026,31.94367406,-101.86659124,142104
1698060,32945413,45413,0254LS,4,Oil Well,40,Operator reported location - Distances and Plat,3254352.33497375,2358077.43536745,31.85094833,-102.07204243,142386
1678406,32945214,45214,2934SH,4,Oil Well,40,Operator reported location - Distances and Plat,3312266.85695538,2307236.07316273,32.00770943,-102.23986378,148023
1678408,32945216,45216,2932SH,4,Oil Well,40,Operator reported location - Distances and Plat,3312016.59120736,2306300.96456693,32.00696805,-102.24286946,148027
1679054,32945217,45217,2922SH,4,Oil Well,40,Operator reported location - Distances and Plat,3311973.30282152,2306169.50984252,32.00684151,-102.24329146,148032
1763714,32946145,46145,132,4,Oil Well,40,Operator reported location - Distances and Plat,3286950.20931758,2422656.97703412,31.94389092,-101.86544026,148581
1763768,32946155,46155,241,4,Oil Well,40,Operator reported location - Distances and Plat,3286791.93503937,2422002.10761155,31.94342458,-101.86754675,148582
1478100,32943281,43281,2207MH,4,Oil Well,40,Operator reported location - Distances and Plat,3252591.38418636,2330285.66371392,31.84465262,-102.16161299,148820
1591415,32944392,44392,252,2,Permitted Location,55,Coordinates - Operator reported,31.78627032,-102.02493726,31.78640035,-102.02534952,148843
1591416,32944393,44393,153,2,Permitted Location,55,Coordinates - Operator reported,31.78618569,-102.02531426,31.78631572,-102.02572652,148851
1345102,32941936,41936,4207H,4,Oil Well,40,Operator reported location - Distances and Plat,3320419.67486876,2360538.84383202,32.03302012,-102.06808664,149027
1470443,32943230,43230,745LS,4,Oil Well,40,Operator reported location - Distances and Plat,3253722.63287401,2356009.53215224,31.84910725,-102.07867642,149364
1679060,32945220,45220,3028SH,4,Oil Well,40,Operator reported location - Distances and Plat,3311562.20177165,2304811.3113517,32.00565376,-102.24766512,149539
1679421,32945226,45226,2835BX,4,Oil Well,40,Operator reported location - Distances and Plat,3313833.24343832,2313356.63517061,32.01236281,-102.22018487,149545
1591410,32944387,44387,232,2,Permitted Location,55,Coordinates - Operator reported,31.78733607,-102.02018348,31.78746609,-102.02059562,149591
1366609,32942306,42306,4313H,4,Oil Well,40,Operator reported location - Distances and Plat,3319001.49901575,2362942.25721785,32.02923827,-102.06023146,149621
1591411,32944388,44388,241,2,Permitted Location,55,Coordinates - Operator reported,31.78700601,-102.02165612,31.78713603,-102.02206829,149842
1591412,32944389,44389,142,2,Permitted Location,55,Coordinates - Operator reported,31.7868636,-102.0222912,31.78699363,-102.02270338,149843
1591414,32944391,44391,251,2,Permitted Location,55,Coordinates - Operator reported,31.78643201,-102.02421532,31.78656204,-102.02462755,149853
1480420,32943289,43289,1HM,4,Oil Well,40,Operator reported location - Distances and Plat,3239993.76082677,2323592.68733595,31.80957799,-102.18239268,156241
1480424,32943293,43293,5HM,4,Oil Well,40,Operator reported location - Distances and Plat,3240662.71587926,2326379.72801837,31.81157144,-102.17344667,156243
1472032,32943247,43247,301SH,4,Oil Well,40,Operator reported location - Distances and Plat,3300232.1866798,2324513.01049869,31.97553962,-102.18327084,156420
662973,32936268,36268,1302,7,Plugged Oil Well,40,Operator reported location - Distances and Plat,3327641.83825459,2326453.58891076,32.05112596,-102.17874553,156524
664767,32900041,00041,1,10,Plugged Oil / Gas,15,Commission`s hardcopy map,3313989.23293963,2416146.43307087,32.01806901,-101.88797004,157227
